['Jonathan Swift'],1726,Gulliver's Travels
['Marco Polo'],1818,The Travels of Marco Polo
['John Steinbeck'],1962,Travels with Charley
['Walt Whitman'],1855,Leaves of Grass
['Washington Irving'],1800,The Alhambra
['H. G. Wells'],1895,The Time Machine
['John Ruskin'],1851,The Stones of Venice
"['Olaudah Equiano', 'Robert J. Allison', 'Rebecka Rutledge Fisher']",1789,"The life of Olaudah Equiano, or Gustavus Vassa, the African"
['E. M. Forster'],1905,A Room with a View
['Daniel Defoe'],1719,Robinson Crusoe
['Charles Dickens'],1861,Great Expectations
['Bram Stoker'],1902,The Jewel of Seven Stars
['Robert Louis Stevenson'],1886,Kidnapped
['Charles Dickens'],1800,The Pickwick Papers
['John Bunyan'],1678,The Pilgrim's Progress
['Όμηρος'],1488,Ὀδύσσεια
['Mark Twain'],1883,Life on the Mississippi
['Ayn Rand'],1936,Anthem
"['Alexandre Dumas', 'Auguste Maquet']",1844,Les Trois Mousquetaires
['Agatha Christie'],1928,The Mystery of the Blue Train
['William Somerset Maugham'],1944,The Razor's Edge
['Charles Dickens'],1822,Oliver Twist
['Arthur Conan Doyle'],1900,The Hound of the Baskervilles
['Mark Twain'],1876,Adventures of Huckleberry Finn
['SuperSummary'],2019,Study Guide
['William Shakespeare'],1608,King Lear
['Charles Dickens'],1800,A Tale of Two Cities
['Henry James'],1877,Daisy Miller
['George Orwell'],1938,Homage to Catalonia
['Thomas Hardy'],1878,The Return of the Native
"[""Madeleine L'Engle""]",1962,A Wrinkle in Time
"['Agatha Christie', 'Andrew Sachs', 'Ken Ludwig', 'Not Known', 'Graham Johnson', 'Bethany Bolton', 'Jesse Felton', 'Chalut', 'Hal Boffin']",1933,Murder on the Orient Express
"['Agatha Christie', 'Christie']",1964,A Caribbean Mystery
['C.S. Lewis'],1956,The Last Battle
['Joseph Conrad'],1899,Heart of Darkness
['Jules Verne'],1867,Voyage au Centre de la Terre
['Richard Connell'],1990,The most dangerous game
['Paulo Coelho'],1988,O Alquimista
['Arthur C. Clarke'],1968,2001
"['Vladimir Nabokov', 'Josep Daurella i Nadal', 'Vladimir Nabokov']",1955,Lolita
['Douglas Adams'],1979,The Hitch Hiker's Guide to the Galaxy
['C.S. Lewis'],1952,The Voyage of the Dawn Treader
['C.S. Lewis'],1953,The Silver Chair
['Jules Verne'],1872,Le Tour du Monde en Quatre-Vingts Jours
['H. G. Wells'],1899,When the Sleeper Awakes
['Agatha Christie'],1937,Death on the Nile
['Mark Twain'],1889,A Connecticut Yankee in King Arthur's Court
['Hugh Lofting'],1920,The Story of Doctor Dolittle
['Jules Verne'],1865,De la terre à la lune
['Samuel Johnson'],1747,A dictionary of the English language
['John Steinbeck'],1937,Of Mice and Men
['Ernest Hemingway'],1952,The Old Man and the Sea
['Jerome Klapka Jerome'],1889,Three Men in a Boat (to say nothing of the dog)
['Edith Nesbit'],1905,The Story of the Amulet
['Johann Wolfgang von Goethe'],1779,Die Leiden des jungen Werthers
['John Keats'],1800,Poems by John Keats
['H. Rider Haggard'],1880,King Solomon's Mines
['Marcus Aurelius'],1626,Meditations
['William Shakespeare'],1734,All's Well That Ends Well
['Paul Klee'],1930,Paul Klee
['H. G. Wells'],0,The Invisible Man
['Antoine de Saint-Exupéry'],1943,Le petit prince
['Upton Sinclair'],1707,The Jungle
['L. Frank Baum'],1904,The Marvelous Land of Oz
['William Shakespeare'],1735,Winter's Tale
['William Shakespeare'],1600,A Midsummer Night's Dream
['Rudyard Kipling'],1901,Kim
"['Pablo Picasso', 'Jean-Louis Andral', 'Pierre Daix']",1926,Picasso
['Henry David Thoreau'],1854,Walden
['Herodotus'],1494,History
['Washington Irving'],1820,The Legend of Sleepy Hollow
['Robert Louis Stevenson'],1880,Treasure Island
['Lewis Carroll'],1889,Alice's Adventures in Wonderland / Through the Looking Glass
"['Kenneth Grahame', 'Michael Hague', 'John Burningham', 'David Roberts', 'Oxford Editor', 'Guo man', 'Yang Ma', 'Ernest H. Shepard', 'Charles Van Sandwyk', 'Katie Dicker']",1908,Wind in the Willows
"['老子', 'James Legge', 'Gia-Fu Feng', 'Stacie Mallinson', 'Jeff Mallinson', 'Peter Kang', 'John Minford', 'Stephen Mitchell']",1842,Tao te Ching
['Mary Shelley'],1818,Frankenstein or The Modern Prometheus
['Lewis Carroll'],1865,Alice's Adventures in Wonderland
"['Charles Dickens', 'Diana C. Archibald', 'Charles Dickens']",1800,American notes
['Mark Twain'],1800,The Innocents Abroad
['Joseph Conrad'],1900,Lord Jim
['Samuel Taylor Coleridge'],1827,Rime of the ancient mariner
['Washington Irving'],1800,The works of Washington Irving
['Mark Twain'],1872,Roughing It
['Eoin Colfer'],1999,Artemis Fowl
['Kurt Vonnegut'],1968,Slaughterhouse-Five
['Douglas Adams'],1980,The Restaurant at the End of the Universe
['Donald Nguyen'],2019,Coloring Book
['Ursula K. Le Guin'],1969,The Left Hand of Darkness
"['Edvard Munch', 'Christoph Asendorf', 'Marian Bisanz-Prakken', 'Albrecht Schröder', 'Albertina Wien', 'Dieter Buchhart', 'Antonia Hoerschelmann', 'Frank Hoifodt', 'Iris Müller-Westermann', 'Gerd Woll', 'Arne Eggum', 'Reinhold Heller', 'Carla Lathe']",1927,Edvard Munch
['George R. R. Martin'],1996,A Game of Thrones
['Johann Wolfgang von Goethe'],1800,Goethe's Werke
['Thor Heyerdahl'],1949,Expedition Kon-Tiki
['Andy Warhol'],1967,Andy Warhol
['John Buchan'],1923,Midwinter
"['Charles Dickens', 'Mary Sebag-Montefiore', 'Adam Leverton']",1800,Little Dorrit
['Robert M. Pirsig'],1974,Zen and the Art of Motorcycle Maintenance
['Anne McCaffrey'],1968,Dragonflight
['United States. General Accounting Office'],1943,Financial audit
['Yann Martel'],2001,Life of Pi
['Douglas Adams'],1984,"So long, and thanks for all the fish"
['Robert A. Heinlein'],1958,Have Spacesuit--Will Travel
['Hugh Lofting'],1922,The Voyages of Doctor Dolittle
['Patricia Highsmith'],1952,The Price of Salt
"['Thornton Wilder', 'T. Wilder', 'Wilder T.']",1927,The Bridge of San Luis Rey
['Le Corbusier'],1938,Le Corbusier
['Roald Dahl'],1984,Boy
['Stephen King'],1991,The Waste Lands
['John Kennedy Toole'],1980,A Confederacy of Dunces
['Mark Twain'],1878,A Tramp Abroad
['John Grisham'],1999,The Testament
"['Luís de Camões', 'Souza Botelho']",1572,Os Lusíadas
"['Charles Dickens', 'Pedro Tena']",1776,The uncommercial traveller
"['Audrey Niffenegger', 'William Hope', 'Laurel Lefkow']",2003,Time Traveler's Wife
['Mark Twain'],1922,Novels (Adventures of Huckleberry Finn / Adventures of Tom Sawyer)
['kids M. shop notebook'],2019,Unicorn Coloring Book
"['Cormac McCarthy', 'Tom Stechschulte']",2006,The Road
"['Michael Crichton', 'Jacques Polanis']",1980,Sphere
['Canada. Legislature. Legislative Assembly.'],2002,Bill
['Virginia Woolf'],1915,Voyage Out
['Elizabeth Gilbert'],2001,"Eat, Pray, Love"
['Doris Lessing'],1962,The Golden Notebook
['Douglas Adams'],1900,"Life, the Universe and Everything"
['Michael Crichton'],1999,Timeline
['Patrick Rothfuss'],2007,The Name of the Wind
['Alexander von Humboldt'],1845,Cosmos
['E. B. White'],1945,Stuart Little
['L. Frank Baum'],1910,The Emerald City of Oz
['Isaac Asimov'],1955,The End of Eternity
['Neil Gaiman'],1997,Stardust
['George R. R. Martin'],1998,A Clash of Kings
['James Redfield'],1993,The Celestine Prophecy - An Adventure
['Stephen King'],2002,Everything's Eventual. 14 Dark Tales
['Jeff Kinney'],2000,The Long Haul
['Muriel Spark'],1961,The Prime of Miss Jean Brodie
['James Hilton'],1933,Lost Horizon
['Mary Pope Osborne'],1992,Dinosaurs Before Dark
['Susan Cooper'],1972,The dark is rising
['Jeff Kinney'],1999,The Last Straw
['Clive Cussler'],1982,Sahara
['Gabriel García Márquez'],1970,Relato de un náufrago
['Bill Bryson'],1989,The Lost Continent
['Philippa Pearce'],1958,Tom's Midnight Garden
"['Laura Ingalls Wilder', 'Garth Williams']",1937,On the Banks of Plum Creek
['Joshua Slocum'],1800,Sailing alone around the world
['Laurence Sterne'],1760,"The Life and Opinions of Tristram Shandy, Gentleman"
['Stephen King'],1996,Desperation
['Bill Bryson'],2003,A short history of nearly everything
['James Fenimore Cooper'],1821,The spy
['Ferguson Publishing Company'],2006,Careers in Focus
"['Ibn Khaldūn', 'عبد الرحمن ابن خلدون Abdel Rahman Ibn Khaldun']",1858,"The Muqaddimah, an introduction to history"
['Alessandro Baricco'],1920,Seta
"['Hamlin Garland', 'Jonathan Senchyne', 'Brianne Jaquette']",1891,Main-travelled roads
['Jane Austen'],1925,Sanditon
['Charles Dickens'],1800,Martin Chuzzlewit
"['Edgar Rice Burroughs', 'Jim Killavey', 'Paula Paula']",1919,The warlord of Mars #3
['James Boswell'],1776,Life of Samuel Johnson
"['Samuel Johnson', 'Warren L. Fleischauer', 'Félix Paknadel', 'Octavie Belot', 'James MacAulay']",1759,"The History of Rasselas, Prince of Abyssinia"
"['Charles Montagu Doughty', 'T. E. Lawrence', 'Edward Garnett', 'Barnaby Rogerson', '(LOWELL, Robert) DOUGHTY, C.M.']",1888,Travels in Arabia Deserta
"['John Bunyan', 'Daniel V. Runyon', 'Derek Perkins']",1682,The holy war
['Gustave Flaubert'],1898,L'Éducation sentimentale
['Robert A. Heinlein'],1957,The Door into Summer
['United States'],1795,"Extradition laws and treaties, United States"
['Salman Rushdie'],1988,The Satanic Verses
['Italo Calvino'],1979,Se una notte d'inverno un viaggiatore
['Stephen King'],1925,11/22/63
"['Tolstoy, Leo, graf, 1828-1910']",1887,The Kreutzer sonata and other stories
"['Kenneth R. Miller', 'Joseph S. Levine', 'Prentice-Hall, inc.', 'Joseph Levine']",1990,Biology
['Esther Rudomin Hautzig'],1968,The Endless Steppe
['Stendhal'],1800,La chartreuse de Parme
['Sharon Creech'],1994,Walk Two Moons
['Diana Gabaldon'],1992,Dragonfly in Amber
['Richard Henry Dana'],1000,Two years before the mast
['M. Scott Peck'],1978,The Road Less Traveled
['Randall Munroe'],1980,What If?
['高橋留美子'],1998,Inuyasha
"['Alfred Lansing', 'Elena Grau']",1959,Endurance
['Tom Wolfe'],1968,The Electric Kool-Aid Acid Test
['William Hope Hodgson'],1946,The House on the Borderland
['Chris Van Allsburg'],1985,The Polar Express Gift Set
['Hubert Howe Bancroft'],1882,The works of Hubert Howe Bancroft
['John Howard Griffin'],1960,Black like me
"['Ibn Batuta', 'A. R. Gibb', 'H. A. R. Gibb']",1829,Tuḥfat al-nuẓẓār fī gharāʾib al-amṣār wa-ʻajāʾib al-asfār
['Isaac Asimov'],1950,Pebble in the Sky
['Wayne Weiten'],1989,Psychology
['Johann Wolfgang von Goethe'],1800,Aus meinem Leben
['Suzanne Collins'],2003,Gregor the Overlander
['Michael Morpurgo'],1999,Kensuke's kingdom
['John Bellairs'],1973,The House with a Clock in Its Walls
['Ray Bradbury'],1972,The Halloween Tree
['Terry Pratchett'],1991,Witches Abroad
['Stephen King'],2010,"Full Dark, No Stars"
"['Che Guevara', 'Ann Wright', 'Ernesto; Wright, Ann (translator) Guevara', 'Aleida Guevara', 'Walter Salles', 'Cintio Vitier']",1993,Diarios de Motocicleta
"['William Pène Du Bois', 'John McDonough']",1947,The twenty-one balloons
['Rick Riordan'],2011,The Throne of Fire
['Salman Rushdie'],1990,Haroun and the Sea of Stories
['Henrik Ibsen'],1867,Peer Gynt
['Andre Norton'],1958,The Time Traders
"['Helene Hanff', 'Frank Doel', 'Anne Bancroft', 'Juliet Stevenson', 'Javier Calzada', 'Thomas Simonnet', 'Ruti Ḳenan']",1970,"84, Charing Cross Road"
"['Henry James', 'Peter Collister']",1877,The American
['Bill Bryson'],1995,Notes from a small island
['Guy de Maupassant'],1882,Mademoiselle Fifi
['Bill Bryson'],2000,Down Under (In a Sunburned Country)
['Cormac McCarthy'],1992,All the Pretty Horses
"['Charles-Louis de Secondat baron de La Brède et de Montesquieu', 'John Davidson', 'Carlos Cantueso']",1721,Lettres persanes
['Italo Calvino'],1972,Le città invisibili
['Douglas Adams'],1987,Dirk Gently’s Holistic Detective Agency
['Eric Carle'],1971,Rooster who set out to see the world
['Bill Bryson'],1997,A Walk in the Woods
['Washington Irving'],1800,A history of New York
"['Journal Your Journal Your Travels', 'Diary & Diary & Journal Press']",2015,Journal Your Travels
['Gerald Malcolm Durrell'],1956,My Family and other Animals
['Paula Hawkins'],2014,The Girl on the Train
['Zyne Publishing'],2021,Maze Puzzle Book
['Charles Darwin'],1839,Journal of researches into the geology and natural history of the various countries visited by H.M.S. Beagle
['Caitlin Doughty'],2017,From Here to Eternity
['Paul Bowles'],1948,The Sheltering Sky
"['Richard Hakluyt', 'Jack Beeching', 'Richard David', 'Edmund Goldsmid']",1589,"The principall navigations, voiages, and discoveries of the English nations"
['Elisabetta Dami'],2000,Un Disparatado Viaje A Ratikistan
['John Fowles'],1965,The Magus
['Elisabetta Dami'],2000,"Giù le zampe, faccia di fontina!"
['Voltaire'],1733,Lettres philosophiques
['Elizabeth Kostova'],2005,The Historian
['Dean Koontz'],1986,Lightning
"['Charles Dickens', 'Samuel Luke Fildes', 'Charles Bernard-Derosne', 'TC', 'John Cuming Walters']",1870,The mystery of Edwin Drood
['Avi'],1990,The True Confessions of Charlotte Doyle
['W. H. Hudson'],1918,Far away and long ago
['Rudyard Kipling'],1889,From sea to sea; letters of travel
['Clive Cussler'],1999,Atlantis Found
['Terry Pratchett'],2002,Night Watch
['John Ruskin'],1800,Modern painters
['Sir Ernest Henry Shackleton'],1919,South: the story of Shackleton's 1914-1917 expedition
['François de Salignac de La Mothe-Fénelon'],1699,Aventures de Télémaque
['Robert A. Heinlein'],1955,Tunnel in the sky
"['Alphonse Daudet', 'Carlos Cantueso', 'Bookstore', 'Tite Fée Tite Fée édition', 'Oliver C. Colt.']",1800,Tartarín de Tarascón
['Francis Parkman'],1872,California and Oregon trail
"['Anne Rice', 'Mariah McCourt', 'Renae De Liz', 'Ray Dillon', 'Michael Cumpsty']",1996,Servant of the Bones
['Barbara Park'],2002,"Junie B., First Grader"
['Michio Kaku'],2008,Physics of the Impossible
['Didactic Publishing'],2021,Maze Puzzle Book
"['Octavia E. Butler', 'SparkNotes Staff']",1979,Kindred
"['Mary White Rowlandson', 'Joseph Rowlandson', 'Larvae Editions', 'Timothy Harrington', 'Caroline D. Grimm', 'Henry S. Nourse', 'John Eliot Thayer', 'John Williams', 'John 1664-1729 Williams', 'Henry S. (Henry Stedman) 183 Nourse', 'John Eliot 1862-1933 Edt Thayer']",1682,Captivity and Restoration
"['Charles Dickens', 'Eileen Warren Norris']",1840,Barnaby Rudge
['Anthony Bourdain'],2000,Kitchen Confidential
['Kate DiCamillo'],2000,The Miraculous Journey of Edward Tulane
['Mark Twain'],1894,Tom Sawyer Abroad
"['Erich Kästner', 'KASTNER']",1930,Emil und die Detektive
['Susan Cooper'],1999,King of Shadows
['John Berendt'],1994,Midnight in the Garden of Good and Evil
['Linda Sue Park'],2001,A single shard
['有川ひろ'],2017,The Travelling Cat Chronicles
"['Russell Herman Conwell', 'Robert Shackleton - undifferentiated', 'John Wanamaker', 'Robert Collier', 'John Wanamaker']",1901,Acres of diamonds
"['Lemony Snicket', 'Brett Helquist', 'Rose-Marie Vassallo']",2003,Slippery Slope
['Zyne Publishing'],2021,Sudoku Puzzle Book
"['Claude Lévi-Strauss', 'Wang zhi ming']",1955,Tristes Tropiques
['Washington Irving'],1800,Astoria
"['Marilyn Jager Adams', 'WrightGroup/McGraw-Hill', 'Jager', 'Carl Bereiter', 'Michael Pressley', 'Marsha, Ph.D. Roit', 'Anne McKeough', 'Jan Hirshberg', 'Marlene Scardamalia', 'Joe, Ph.D. Campione', 'Iva Carruthers', 'Gerald H., Jr. Treadway', 'Noeila Esparza']",2000,SRA Open Court reading.
['Edward Bellamy'],1888,"Looking Backward, 2000-1887"
"[""Madeleine L'Engle""]",1986,Many Waters (Time Quintet #4)
['Frederik Pohl'],1977,Gateway
"['Diana Gabaldon', 'Diana Palmer', 'Davina Porter']",1992,A Breath of Snow and Ashes
['Pocket Puzzles'],2019,Pocket Word Search
['Kenneth Grahame'],1894,Pagan Papers
['Simply Sudoku'],2019,Pocket Sudoku Hard
['Apsley Cherry-Garrard'],1922,The Worst Journey in the World
['Sudoku Kingdom'],2019,Pocket Sudoku Easy
['Charles Perrault'],1865,Le chat botté
['Jane Yolen'],1988,The devil's arithmetic
['Thomas Carlyle'],1800,Sartor resartus
['King James VI and I'],1603,By the King
"[""Madeleine L'Engle""]",1978,A Swiftly Tilting Planet (Time Quintet #3)
['Pocket Wordsearches'],2019,Pocket Word Search
['Sidney Sheldon'],1984,If Tomorrow Comes
['Sir Walter Scott'],1800,Kenilworth
['Lewis Carroll'],1889,Sylvie and Bruno
['Herman Melville'],1840,Typee
['Simply Sudoku'],2019,Pocket Sudoku Easy
['Erin Hunter'],2006,Starlight
['Jon Krakauer'],1996,Into the Wild
['Jack Kerouac'],1960,Lonesome Traveler
['Sudoku Kingdom'],2019,Pocket Sudoku Hard
['Victoria Holt'],1970,The Secret Woman
['Alexandra Ripley'],1991,Scarlett
['Thomas Love Peacock'],1816,Headlong Hall
['Erin Hunter'],2005,Dawn
"['John Stow', 'C. L. Kingsford', 'Kingsford, Charles Lethbridge', 'John Mottley', 'John Strype']",1598,A Survey of London
"['Jenny Nimmo', 'Simon Russell Beale']",2002,Midnight for Charlie Bone
['Peppa Pig'],2012,Peppa Pig
['Diana Gabaldon'],1991,Outlander
"['Grace Lin', 'Janet Song']",2009,Where the Mountain Meets the Moon
"['Patricia Highsmith', 'Michael Nation']",1950,Strangers On a Train
['村上春樹'],2013,色彩を持たない多崎つくると、彼の巡礼の年
['My Travel Journal'],2015,My Travel Journal
['Joe Abercrombie'],2007,Before they are hanged
['Lewis Carroll'],1881,A Tangled Tale
['Pocket Puzzles'],2019,Pocket Sudoku Easy
['William Dean Howells'],1894,A traveler from Altruria
['Andrew Sean Greer'],2017,Less
['Robert Louis Stevenson'],1879,Travels with a donkey in the Cevennes
['Edward Abbey'],1968,Desert solitaire
['村上春樹'],2006,走ることについて語るときに僕の語ること
['Pocket Sudoku'],2019,Pocket Sudoku Hard
['Johann Wolfgang von Goethe'],1860,Italienische Reise
['Emily St. John Mandel'],2014,Station Eleven
['Tobias Smollett'],1771,Tarikhe auliya egujrat
"['Anthony Hope', 'Gary Hoppenstand', 'Diane Mowat', 'Alan Marks', 'Francesc Ràfols', 'Andrew Pugsley', 'Summer M. Hogan', 'Summer Hogan', 'Smidgen Press', 'Charles Dana Gibson', 'Daniel Lanza Barba', 'Javier Fornell Fernandez', 'Stephen Colbourn', 'Katy Jackson', 'James Wilby', 'Robinson, M.']",1800,The Prisoner of Zenda
['Sidney Sheldon'],1974,The Other Side of Midnight
['P. D. Eastman'],1961,"Go, Dog. Go!"
['Adam Blade'],2007,Beast Quest
['Pocket Puzzles'],2019,Pocket Sudoku Hard
['Joseph Conrad'],1897,"The nigger of the ""Narcissus"""
['H. G. Wells'],1896,The wheels of chance
['George Moore'],1890,"Esther Waters, a novel"
['Gotthold Ephraim Lessing'],1779,Nathan der Weise
['Mini Wordsearches'],2019,Pocket Word Search
['Samuel Johnson'],1775,A Journey to the Western Islands of Scotland
['Richard Brinsley Sheridan'],1775,The Rivals
['Guy de Maupassant'],1889,The odd number
['Ken Grimwood'],1986,Replay
['Matt Haig'],2020,The Midnight Library
['John Grisham'],2001,Skipping Christmas
['Peter Frankopan'],2015,The Silk Roads
['Rick Riordan'],2020,The Tower of Nero
['Maureen Johnson'],2005,13 little blue envelopes
"['Diana Gabaldon', 'Geraldine James']",1997,Drums of Autumn
['Rudyard Kipling'],1917,A  diversity of creatures
['Rudyard Kipling'],1890,The  light that failed
['Anthony Giddens'],1982,Sociology
['川口俊和'],2019,Before the Coffee Gets Cold
['Guy Delisle'],2003,Pyongyang
['Iain Reid'],2016,I'm Thinking of Ending Things
['Majestical Notebook'],2018,Blood Sugar Log
['Elizabeth Gray Vining'],1942,Adam of the road
"['Julia Donaldson', 'Axel Scheffler']",2001,Stick Man
['Jumpin Media Books'],2018,Poems verses words of rhyme
['Edward Packard'],1979,The Cave of Time
['AAA'],2000,AAA Essential Guide
['Kokuritsu Kokkai Toshokan (Japan)'],1991,Kokuritsu Kokkai Toshokan shozō Meijiki kankō tosho maikuro-ban shūsei
['Elisabetta Dami'],2007,Il Vascello Fantasma
['Charles Dickens'],1846,Pictures from Italy
"['Terry Pratchett', 'Stephen Baxter']",2012,The long earth
['Eric Carle'],1971,Do you want to be my friend?
['Judith McNaught'],1994,Until You
['Judith McNaught'],1985,"Whitney, My Love"
['Douglas Adams'],1979,"Novels (Hitch Hiker's Guide to the Galaxy / Restaurant at the End of the Universe / Life, the Universe and Everything / So Long, and Thanks for All the Fish)"
"['Susan Coolidge', 'Jessie Mcdermot']",1886,What Katy Did Next (Best Loved Stories)
['Paul Theroux'],1975,The Great Railway Bazaar
['Charles Lamb'],1823,The Essays of Elia
['Quintus Curtius Rufus'],1481,Historia Alexandri Magni
['Lord Byron'],1819,Don Juan
"['Kerstin Gier', 'Anthea Bell', 'Nelly Lemaire', 'Luis Miralles de Imperial']",2009,Rubinrot
['Ransom Riggs'],2011,Miss Peregrine's Home for Peculiar Children
"['Harriet Beecher Stowe', 'Harriet Stowe']",1873,Palmetto-leaves
['Louisa May Alcott'],1871,Aunt Jo's scrap-bag
"['Lauren Tarshis', 'Georgia Ball', 'Lauren Haus Studio', 'Scott Dawson']",2010,"I Survived the Sinking of the Titanic, 1912"
"['Jamaica Kincaid', 'Robin Miles']",1988,A small place
['Oliver Goldsmith'],1766,Goldsmith's The vicar of Wakefield
['Tim Marshall'],2015,Prisoners of geography
['Amanda Westcott'],2019,Hello Baby
"['Mary Pope Osborne', 'Sal Murdocca']",2002,Thanksgiving on Thursday
['Joseph Conrad'],1906,The mirror of the sea
['Willa Cather'],1915,The Song of the Lark
['Barbara Kingsolver'],1988,The Bean Trees
['Connie Willis'],1992,Doomsday book
['Ransom Riggs'],2013,Hollow City
['PlainSimpleBooks'],2016,Journal
['Rolf Potts'],2002,Vagabonding
['Michelle Zauner'],2021,Crying in H Mart
['Eoin Colfer'],2008,Artemis Fowl and the Time Paradox
['Simply Sudoku'],2019,Pocket Sudoku
['Charles Dickens'],1854,The Seven Poor Travellers
['Henry David Thoreau'],1849,A week on the Concord and Merrimack Rivers
['Bill Bryson'],1994,Made in America
['Douglas Adams'],1996,"Works (Hitch Hiker's Guide to the Galaxy / Restaurant at the End of the Universe / Life, the Universe and Everything / So Long, and Thanks for All the Fish / Mostly Harmless / Young Zaphod Plays it Safe)"
['Elisa Rolle'],2016,Queer places
"['Eric Ambler', 'Mark Mazower']",1939,A Coffin for Dimitrios
['Emily St. John Mandel'],2022,Sea of Tranquility
['Shamrock Logbook'],2000,Address Book
['Deborah Harkness'],2014,The Book of Life
['Orson Scott Card'],2008,Ender in Exile
['Ethan Watters'],2010,Crazy like us
['Henry Justice Ford'],1895,The red true story book
['Bill Bryson'],1991,Neither here nor there
['D. J. MacHale'],2002,The Merchant of Death (Pendragon #1)
['Mobil Travel Guide'],2001,Mobil Travel Guide
"['Amal El-Mohtar', 'Max Gladstone']",2019,This is How You Lose the Time War
['Mary Pope Osborne'],2001,The Magic Tree House Collection #1
['Neil Gaiman'],2003,Endless Nights
"['James Patterson', 'Chris Grabenstein']",1900,I Funny
['Johann Wolfgang von Goethe'],1800,Wilhelm Meisters Lehrjahre
['Bruce Chatwin'],1977,In Patagonia
['Elisabetta Dami'],2010,Il principe di Atlantide
['Nnedi Okorafor'],2015,Binti
['Diana Gabaldon'],2009,An Echo in the Bone
['George Eliot'],1863,Romola
['Mary Downing Hahn'],1989,The Doll in the Garden
"[""Sticker's aharaw""]",2022,My Awesome Stickers
"['David Grann', 'James Gray']",2000,The Lost City of Z
['William T. Collins'],2005,Puzzle Pack
"['Margaret Weis', 'Tracy Hickman']",1986,Test of the Twins
['Mo Willems'],2012,Let's go for a drive!
['Tui T. Sutherland'],2000,The Dragonet Prophecy - graphic novel
['Best Travel'],2016,Travel Planner
['Claire North'],2014,The First Fifteen Lives of Harry August
['Nora Roberts'],1999,Jewels of the Sun
['William Dean Howells'],1872,Their Wedding Journey
['Elena Armas'],2021,The Spanish Love Deception
['artnoose'],1996,Ker-bloom!
"['André Gide', 'Laura Freixas', 'Ignacio Vidal-Folch Balanzo', 'Ignacio Vidal-Folch Balanzo']",1939,"The journals of André Gide, 1889-1949"
['Stanisław Lem'],1966,Dzienniki gwiazdowe
['Vikram Seth'],1983,From Heaven Lake
['Henry James'],1902,The Wings of the Dove
['Alexandre Dumas'],1844,Les frères corses
['Graham Greene'],1969,Travels with my aunt
['Dolores Cannon'],1985,Jesus and the Essenes
"['Gustave Flaubert', 'Gisèle Séginger']",1884,La tentation de saint Antoine
['Mike Berenstain'],2006,The Berenstain Bears Hug and Make Up (Berenstain Bears)
['Poul Anderson'],1970,Tau Zero
['Daphne du Maurier'],1900,The scapegoat
"['John H. Falk', 'Lynn D. Dierking', 'Marsha Semmel']",1992,The museum experience revisited
['William Beckford'],1815,Vathek
['Connie Willis'],1997,To Say Nothing of the Dog
"['Oliver Goldsmith', 'Eugène Tr Chevallier']",1770,The Deserted Village
['WriteItDown4U'],2018,Travel Journal
['Nora Roberts'],2006,Dance of the Gods
['Elisabetta Dami'],2000,Il mistero della piramide di formaggio
"['Catherine Parr Traill', 'Michael A. Peterman']",1836,Backwoods of Canada
['Rachel Renée Russell'],2010,Dork Diaries 15
"['Karl May', 'H. J. Graefen', 'Stanley L. Sharp', 'Alfred P. Donhauser']",1893,Winnetou
['animailloverit cor'],2020,Coloring Book
['Edith Nesbit'],1900,The House of Arden
"['Michelle Paver', 'Patricia Anton De Vez Ayala-Duarte']",2004,Wolf Brother
['Tedd Arnold'],2008,"Fly High, Fly Guy! (Fly Guy)"
"['Charles Dickens', 'Wilkie Collins']",1855,The Holly Tree
['Tere Liye'],2016,Matahari
['Thomas Mallon'],2007,Fellow travelers
['Cheryl Strayed'],2012,Wild
['Barbara Cooney'],1982,Miss Rumphius
['Edwidge Danticat'],1994,"Breath, Eyes, Memory"
['Mary Pope Osborne'],1995,Night of the Ninjas
"['Neil Gaiman', 'Chris Riddell', 'Skottie Young']",2001,"Fortunately, the Milk"
['Washington Irving'],1783,The conquest of Granada
['Mary Pope Osborne'],1997,Dolphins at Daybreak
['Ann Brashares'],2001,"The Sisterhood of the Traveling Pants (Sisterhood of the Traveling Pants Series, Book 1)"
['Washington Irving'],1800,Columbus
['Gary Smith'],2017,Stella X
['Robert Louis Stevenson'],1878,An Inland voyage
['Washington Irving'],1819,"The sketch-book of Geoffrey Crayon, Esq"
"['Robert Michael Ballantyne', 'Karl Wurf', 'Pradip Das']",1800,The dog Crusoe
['United Unicorn United Unicorn Nations'],2020,My Sticker Album
"['Henrikke Baumann', 'Henrikke Bauman', 'Anne-Marie Tillman']",2004,The hitch hiker's guide to LCA
"['Robert Michael Ballantyne', 'Thomas Nelson and Sons']",1848,The Hudson Bay Company
['Dav Pilkey'],2012,Captain Underpants And the Terrifying Return of Tippy Tinkletrousers
"['Edgar Rice Burroughs', 'Shannon Eric Denton', 'Amy Sterling Casil', 'Fred J Arting']",2002,Tarzan of the Apes Tale #1 the Man-Child
['Robert Michael Ballantyne'],1858,The gorilla hunters
['Char story'],2018,Sketch Book
"['Bryan Edwards', 'Arthur Broughton', 'William Young', 'Young, William', 'John Adams', ""Daniel M'Kinnen""]",1789,"The History, Civil and Commercial, of the British Colonies in the West Indies ...: In Two Volumes"
['United States. National Recovery Administration'],1933,Hearing on code of fair practices and competition
['Char story'],2018,Notebook
['Sir Walter Scott'],1800,"Tales of my landlord, Second series. The Heart of Mid-Lothian"
['Jesuits.'],1852,Letters from missions (North America).
['Sarah story'],2018,Notebook
['Maria Hughes'],2018,Blank Notebook
['C. J. Cherryh'],1981,Downbelow station
['Sarah story'],2018,Sketch book
['Jude Deveraux'],1989,A Knight in Shining Armor
['Robert Michael Ballantyne'],1800,Gascoyne
['John Ruskin'],1800,Mornings in Florence
"['Washington Irving', 'Benjamin Louis Eulalie De Bonneville']",1800,"The adventures of Captain Bonneville, U.S.A."
['Herman Melville'],1847,Omoo
['Robert Michael Ballantyne'],1867,"Martin Rattler, or, A boy's adventures in the forests of Brazil"
['Bright Publishing'],2018,"Composition Notebook, 6 X 9 Journal, 100 Lined Pages"
['SuccessTrack Planners'],2018,Travel Journal
['Anne Tyler'],1985,The Accidental Tourist
['Mary Stewart'],1954,"Madam, Will You Talk?"
['Peggy Parish'],1971,"Come Back, Amelia Bedelia"
['Mary Pope Osborne'],1993,The knight at dawn
"['Terri Morrison', 'Wayne A. Conaway', 'George A. Borden']",1994,"Kiss, Bow, or Shake Hands"
"['Evariste Régis Huc', 'Percy Sinnett', 'Paul Pelliot', 'Joseph Gabet', 'William Hazlitt']",1847,"Souvenirs d'un voyage dans la Tartarie et le Thibet, pendant les années 1844, 1845 et 1846"
['James Thurber'],1940,Thurber Carnival
['Robert Michael Ballantyne'],1800,"Ungava, a tale of the Esquimaux land"
['Gilbert White'],1789,The natural history of Selborne
['Gilbert Keith Chesterton'],1922,What I saw in America
['Mary Pope Osborne'],1993,Mummies in the Morning
['Agatha Christie'],1946,"Come, tell me how you live"
['Charlie Jane Anders'],2016,All the Birds in the Sky
['Yoshiko TOLBERT'],2022,Garden Planting Weekly
['Italo Calvino'],1982,If on a Winter's Night a Traveler
['Lloyd Alexander'],1963,Time Cat
['Wade Davis'],1985,The Serpent and the Rainbow
['Beryl Markham'],1942,West with the night
['George Catlin'],1841,"Letters and notes on the manners, customs, and condition of the North American Indians"
['Andre Norton'],1959,Galactic Derelict
['Alain-Fournier'],1913,Le grand Meaulnes
['Karen Hesse'],1992,Letters from Rifka
['Cynthia Rylant'],1985,The Relatives Came
['Robert Lawrence Stine'],1995,A Night in Terror Tower
"['Robert Michael Ballantyne', 'Karl Wurf', 'Madiso Clark']",1800,Away in the wilderness
['Gabriel García Márquez'],1954,La hojarasca
['Maria Hughes'],2018,To Do List
['Andre Norton'],1963,Key Out of Time
['Virginia Lee Burton'],1939,Mike Mulligan and His Steam Shovel
['Edward Ashton'],2022,Mickey7
['Nora Roberts'],2006,Valley of Silence
['Robert Michael Ballantyne'],1860,"The world of ice, or, Adventures in the polar regions"
"['Teresa Davis', 'Brad Davis', 'Brad Davis']",2002,New Creations Coloring Book Series
['Isak Dinesen'],1937,Out of Africa
"['David Brin', 'George Wilson']",1980,Sundiver
"['Gilbert Keith Chesterton', 'Jamie Archer', 'Catholic Way Publishing Staff']",1900,The New Jerusalem
['Alberto Denti di Pirajno'],1956,A Grave for a Dolphin
['William Robertson'],1777,The history of America
['AA Publishing'],1995,AA Street by Street
['Robert Gilmour LeTourneau'],1960,Mover of men and mountains
['Ransom Riggs'],2015,Library of Souls (Miss Peregrine’s Peculiar Children #3)
['Ayn Rand'],2000,Anthem
['Laura Ingalls Wilder'],1962,On the way home
"['Hilaire Belloc', 'B T. B. 1870-1917']",1875,The bad child's book of beasts
"['Douglas Adams', 'Mark Carwardine']",1990,Last Chance to See
['Carlo Levi'],1946,Cristo si è fermato a Eboli
['Upton Sinclair'],1920,One Hundred Percent
"['Richard Francis Burton', 'Isabel Lady Burton', 'John Hanning Speke', 'William C Barker', 'William C. Barker']",1856,First footsteps in East Africa
['Naomi Mitchison'],1952,Travel light
"['Jojo Moyes', 'Eva Carballeira Díaz;Jesús De La Torre Olid;']",2019,The Giver of Stars
['Dominique Lapierre'],1985,La cité de la joie
['Mario Vargas Llosa'],2006,Travesuras de la niña mala
['Maria Hughes'],2018,Composition Notebook
['Kirschner KIRSCHNER KENNETH'],2021,Password Book
['Daphne du Maurier'],1705,The house on the strand
['Oliver Jeffers'],2005,Lost and found
"['Antonio de Morga', 'Cummins']",1609,Sucesos de las Islas Filipinas
['Washington Irving'],1800,Tales of a traveller
['Dav Pilkey'],2013,Captain Underpants And The Revolting Revenge Of The Radioactive Roboboxers
['Jules Verne'],1988,Around the World in 80 Days
['Diana Gabaldon'],1994,Voyager
['Charles Dickens'],1800,Works (American Notes / Pictures from Italy)
['Umberto Eco'],1992,Comment voyager avec un saumon
['Graham Greene'],1932,Stamboul train
['Christopher Morley'],1917,Parnassus on Wheels
['Antonio Pigafetta'],1525,Relazione del primo viaggio intorno al mondo
['Khushwant Singh'],1983,Delhi
['Henry Mayhew'],1851,London Labour and the London Poor (Vol. I)
['Robert A. Heinlein'],1963,Orphans of the Sky
['Saul Bellow'],1953,The adventures of Augie March
['Jon Lee Anderson'],1997,Che
['Ptolemy'],1478,Geographia
['William Dean Howells'],1866,Venetian life
['Oliver Goldsmith'],1774,"An history of the earth, and animated nature"
['Jonathan Carver'],1778,"Travels through the interior parts of North America, in the years 1766, 1767, and 1768"
['Laurence Sterne'],1766,A sentimental journey through France and Italy
['Jules Verne'],1867,Cinq semaines en ballon
['Creative art Creative art planner'],2018,2019-2020 Pocket Planner
['TravelJournalBooks'],2014,Children's Travel Activity Book & Journal
"['Diana Gabaldon', 'Davina Porter']",2020,Go Tell the Bees That I Am Gone
['Edith Nesbit'],1909,Harding's Luck
['J. J. Benítez'],1984,Caballo de Troya
['Paulo Coelho'],1995,Diário de um mago
['John Steinbeck'],1951,The Log from the Sea of Cortez
['Diana Gabaldon'],2001,The Fiery Cross
"['Илья Арнольдович Ильф', 'Евгений Петрович Петров']",1938,Двенадцать стульев
['Douglas Adams'],1986,"Works (The Hitch Hiker's Guide to the Galaxy / The Restaurant at the End of the Universe / Life, the Universe and Everything / So Long, and Thanks for All the Fish / Young Zaphod Plays it Safe)"
['John Titor'],2003,John Titor A Time Traveler's Tale
['Katherine Boo'],2011,Behind the beautiful forevers
['Paul Gauguin'],1900,Noa Noa
"['Paula Hawkins', 'Aleix Montoto Llagostera', 'Paula Hawkins']",2015,La chica del tren
['Henry James'],1893,Tales of
['Frank Thomas Bullen'],1897,The cruise of the Cachalot around the world after sperm whales
['Jimmy Cornell'],1987,World cruising routes
['Black Hawk'],1833,"Life of Black Hawk, Ma-ka-tai-me-she-kia-kiak"
"['Neal Stephenson', 'Nicole Galland']",2017,The Rise and Fall of D.O.D.O.
['Tim Berners-Lee'],1999,Weaving the Web
['Andrea Wulf'],2015,The Invention of Nature
['Diane di Prima'],1969,Memoirs of a Beatnik
['Joseph Conrad'],1900,Youth
['Meg Cabot'],2003,Haunted
"['James Redfield', 'Carol Adrienne', 'Leidefeierde']",1996,The Tenth Insight. Holding the Vision
['Kip S. Thorne'],2014,The Science of Interstellar
['Dav Pilkey'],2010,"The Adventures of Ook and Gluk, Kung Fu Cavemen from the Future"
['Sir Francis Galton'],1855,The art of travel
['Clyde Robert Bulla'],1981,A Lion to Guard Us
['Peter Mayle'],1989,A year in Provence
['Adam Rex'],2001,The True Meaning of Smekday
['Gail Tsukiyama'],1995,The Samurai's garden
['Bernard Malamud'],1953,The magic barrel
"['Octave Mirbeau', 'Brian Stableford']",1899,The Garden of evil
['Christopher Pike'],1996,The Starlight Crystal
"['Henry David Thoreau', 'Richard F. Fleck', 'Jeffrey S. Cramer']",1803,The Maine woods
['Peter Matthiessen'],1978,The Snow Leopard
['Jonathan Swift'],1722,Bickerstaff papers
"['Nora Roberts', 'Dick Hill']",2006,Morrigan's Cross
['Victoria Holt'],1973,The curse of the kings
"['Rebecca Solnit', 'Liisa Ivary']",2000,Wanderlust
['Elisabetta Dami'],2000,"Ci tengo alla pelliccia, io!"
['Heinrich Harrer'],1952,Seven Years in Tibet (Sieben Jahre in Tibet)
['Robyn Davidson'],1980,Tracks
['Travelling Travelling Roots'],2017,Tributes and Metaphors
['Margaret Sidney'],1902,Five Little Peppers Abroad
['Nora Roberts'],2016,Island of Glass
"['Charles Stross', 'Lucius Shepard']",2004,The Atrocity Archives
['Kathryn Lasky'],1996,A Journey to the New World
['James Axler'],1987,Deathlands
"['Kerstin Gier', 'Anthea Bell']",2010,Smaragdgrün
"['Amitav Ghosh', 'Gabriela Ellena Castellotti']",2005,Sea of Poppies
"[""Journal Your Journal Your Life's Story"", 'Diary & Diary & Journal Press']",2015,Journal Your Life's Story
['DK Publishing'],1998,Eyewitness Travel Phrase Book
['Ernest Hemingway'],1935,Green Hills of Africa
['Harriet Martineau'],1838,Retrospect of Western Travel-3VOLS
['Henry David Thoreau'],1864,Cape Cod
['Robert A. Heinlein'],1953,Starman Jones
['Neal Stephenson'],2003,System of the World
['Jack London'],1960,To Build a Fire
['Wilfred Thesiger'],1959,Arabian sands
['Michael Crichton'],1988,Travels
['James Cook'],1784,A voyage to the Pacific Ocean
['Richard Matheson'],1975,Somewhere in Time
"['Leo Africanus', 'Robert Brown', 'Leo']",1556,Cosmographia et geographia de Affrica
['James Fenimore Cooper'],1828,The travelling bachelor
['Rand McNally'],1980,Overseas Travel and Tourism
['Stephen Fry'],2005,The Ode Less Travelled CD
['Jack London'],1907,The Road
['Nathaniel Hawthorne'],1863,Our Old Home
['Graham Greene'],1982,Monsignor Quixote
['Isabel Allende'],1991,El plan infinito
"['Lewis Henry Morgan', 'Lewis Morgan', 'Lewis H. Morgan', 'Lewis Henry Morgan', 'Lewis Henry Morgan', 'Lewis H Morgan']",1877,Ancient Society (The John Harvard Library)
['P. Cornelius Tacitus'],1652,Germania
['Anthony Trollope'],1862,North America
['Robert Louis Stevenson'],1896,Poems
['Daniel James Brown'],2009,The indifferent stars above
['Emily Rodda'],1965,Rowan and the Travelers (Rowan of Rin
['Allen Say'],1993,Grandfather's journey
['Dav Pilkey'],2014,Captain Underpants and the Tyrannical Retaliation of the Turbo Toilet 2000
['Joseph Conrad'],1902,Typhoon
['Batra BATRA RAJEEV'],2021,Password Book
['Lewis Carroll'],1900,The Complete Works of Lewis Carroll
['Richard Louv'],2005,Last Child in the Woods
"['Mary Sebag-Montefiore', 'Johanna Spyri', 'Alan Marks']",2003,Heidi
['Ted Simon'],1979,Jupiter's travels
['Lord Byron'],1800,The poetical works of Lord Byron
['Mary Pope Osborne'],2007,Dragon of the Red Dawn
['Arthur Janov'],1970,The primal scream
['Rudyard Kipling'],1890,American notes
['William Burdon'],1730,The gentleman's pocket-farrier
['Ryan North'],2018,How to Invent Everything: A Survival Guide for the Stranded Time Traveler
['Bayard Taylor'],1846,"Views a-foot: or, Europe seen with a knapsack and staff"
['John Grisham'],2007,Playing for Pizza
"['Robert Michael Ballantyne', 'Karl Wurf']",1850,The cannibal islands
['Pocket Jumbles'],2019,Pocket Word Search
"['François-René de Chateaubriand', 'Jean-Paul Clément']",1840,Mémoires d'outre-tombe
['Bienvenido G. Claravall'],2008,Travel and tour operations in the Philippines
['William Dean Howells'],1913,Familiar Spanish Travels
['Elvira Woodruff'],1997,The Orphan of Ellis Island
['Rebecca Solnit'],2005,A Field Guide to Getting Lost
['Travel Wordsearches'],2019,Pocket Word Search
['William Dean Howells'],1867,Italian journeys
"['Umberto Eco', 'William Weaver']",1986,Travels in Hyperreality (Harvest Book)
"['Virginia Woolf', 'Octavio Paz']",1947,Essays
['Alain De Botton'],2002,The art of travel
"['Domingo Faustino Sarmiento', 'Domingo Faustino Sarmiento', 'Domingo F. Sarmiento', '12']",1868,"Facundo, or, civilization and barbarism"
"['Thomas R. Arp', 'Greg Johnson', 'Albert Camus', 'Антон Павлович Чехов', 'Chinua Achebe', 'Margaret Atwood', 'Richard Connell']",2001,"Perrine's literature, Structure, sound and sense--Eighth edition"
['Italo Calvino'],1982,If on a Winter's Night a Traveler
['John Galt'],1821,"Annals of the parish, or"
['Orhan Pamuk'],2003,Istanbul
['Rudyard Kipling'],1920,Letters of Travel
['D. H. Lawrence'],1674,Etruscan places
['Stefan Zweig'],2005,Chess story
['Olga Tokarczuk'],2007,Bieguni
['Heinrich Heine'],1830,Reisebilder
['M. Scott Peck'],1988,The road less travelled
['Nora Roberts'],2001,Time and again
"['Louise-Elisabeth Vigée-Lebrun', 'Sandrine Fillipetti', 'Morris F. Tyler']",1835,"Mémoires d'une portraitiste, 1755-1842"
"['Laurie Krebs', 'Julia Cairns']",2003,We All Went on Safari
['David Sedaris'],2013,Let's Explore Diabetes with Owls
['Lawrence Durrell'],1957,Bitter lemons
['Simon Stålenhag'],2018,The electric state
['Tobias Smollett'],2018,Travels Through France and Italy
['Elisabetta Dami'],2013,Dinosaur Disaster
"['Fernando Botero', 'Rudy Chiappini', 'Erica Jong']",1970,Botero: La corrida
['Alan Christopherson'],1994,History & Geography
['Paule Marshall'],1983,Praisesong for the widow
['David Foster Wallace'],1997,A supposedly fun thing I'll never do again
['Linda Howard'],2005,Killing Time
['Jojo Moyes'],2014,The One Plus One
['Peter Watts'],2014,Echopraxia
['Jeffrey Archer'],1998,The Eleventh Commandment
['Lord Byron'],1812,Childe Harold's pilgrimage
['Lucy M. Boston'],1954,The children of Green Knowe
['Brothers Grimm'],1922,Die Bremer Stadtmusikanten
['Sir John Mandeville'],2015,The Travels of Sir John Mandeville
['Thomas L. Friedman'],1988,From Beirut to Jerusalem
['Anthony Trollope'],2017,Travelling Sketches
['Ralph Waldo Emerson'],1847,Poems
['Editors of Wallpaper Magazine'],2006,Wallpaper City Guide
['Anthony Trollope'],1853,An autobiography
['James Howell'],1650,Epistolae Ho-Elianae
['John Muir'],1911,Travels in Alaska
['Ann Brashares'],2004,"The Sisterhood of the Traveling Pants (Sisterhood of the Traveling Pants Series, Book 1)"
['Travelling Fatman'],2020,Scotland and the North Coast 500
['Elisabetta Dami'],2008,Alla scoperta dell'America
['Stephen Birnbaum'],1981,Steve Birnbaum brings you the best of Walt Disney World
['Maya Angelou'],1986,All God's children need traveling shoes
['United States. Congress. House. Committee on Appropriations'],1876,"[Gasoline motor-boat for customs service at Corpus Christi, Texas.]"
"['Greg Johnson', 'Thomas R. Arp', 'Margaret Atwood', 'Ray Bradbury', 'Albert Camus', 'Антон Павлович Чехов', 'Kate Chopin', 'Richard Connell']",2015,"Perrine's Literature--Structure, Sound & Sense--Twelfth Edition"
['Enid Blyton'],1957,Five Go to Billycock Hill
['Ransom Riggs'],2018,A Map of Days
"[""Madeleine L'Engle""]",1989,An Acceptable Time (Time Quintet #5 / O'Keefe Family #4)
['Thomas Chandler Haliburton'],1838,"The clockmaker, or, The sayings and doings of Samuel Slick of Slickville"
['Ryan North'],2018,How to Invent Everything
['Mike Lupica'],2004,Travel team
['Planning Experts'],2015,Busy Traveler Travel Planners
['Kenʼichi Ohmae'],1982,The mind of the strategist
['Travelling Wizards'],2012,Travelling Wizards Magazine
"['James Patterson', 'Emily Raymond']",2013,First love
['Mary Pope Osborne'],1989,Vacation Under the Volcano
['Max Frisch'],1957,Homo Faber
['George Gissing'],1898,The town traveller
['John Steinbeck'],1947,The Wayward Bus
['Roger Zelazny'],1999,The Great Book of Amber
['Sexy Journals'],2017,Journal
['Isabel Allende'],2003,Mi país inventado
['Henry Wadsworth Longfellow'],1839,"Hyperion, illustr. from drawings by B. Foster"
"['Tu Fu', 'Fu Tu', 'Yim Yse']",1724,Poems
['Rudyard Kipling'],1901,Kim
['Mark Twain'],1897,Following the Equator
['Connie Willis'],2010,Blackout
['Muriel Spark'],1970,The driver's seat
['Louise Howard'],2018,Travel the World coloring book
['Travelling Pet'],2011,Geneva’s Ban on Dangerous Dog Breeds
['Travelling Wizards'],2010,Madeira - The Atlantic Orchid
['Travelling Pet'],2011,Geneva’s Ban on Dangerous Dog Breeds
['Isak Dinesen'],1938,Out of Africa
"['J.R.R. Tolkien', 'Christina Scull', 'Wayne G. Hammond']",1998,Roverandom
"['Charles Dickens', 'Charles James Collins', 'Hesba Stretton', 'Andrew Halliday', 'Edwards, Amelia Ann Blanford', 'Nathan Pugh']",1866,Mugby Junction
['Knopf Guides'],1993,Knopf Guide
['William Bartram'],1791,"Travels through North & South Carolina, Georgia, east & west Florida, the Cherokee country, the extensive territories of the Muscogulges, or Creek Confederacy, and the country of the Chactaws"
"[""Let's Go, Inc.""]",2002,Let's Go 2003
"['Strabo', 'François Lasserre']",1480,Geography
['M. Scott Peck'],1978,The road less travelled
['Michelin'],1978,Michelin Green Guide
['Patricia Wentworth'],1945,She Came Back (A Miss Silver Mystery)
['Michelin Travel Publications'],1985,Michelin Green Guide (Green Tourist Guides)
['Happy Travelling'],2021,"Travel Logbook, RV and Camping Journal, If It Involves Camping and Bacon Count Me In"
['Travelling Wizards'],2010,Italian Riviera - the Most Attractive Places
['Travelling Wizards'],2010,Portofino - the Italian Pearl
['Travelling Wizard'],2010,Cinque Terre - the Hidden Treasure
['Travelling Wizards'],2010,Italian Riviera
['Travelling Wizards'],2012,Most Extravagant Castles in Germany
['Travelling Wizards'],2012,"Travelling Wizards Magazine, Issue 3"
['Travelling Wizards'],2011,Malta - the Mythical Island
['Travelling Wizards'],2012,Great European Destinations
['Travelling preacher'],1854,"The three children, or, An illustration of the benefits of Sabbath schools"
['Travelling Hiker'],2020,Trail Journal
['Happy Travelling'],2021,"Camping and RV Logbook, Travel Trip Journal"
['Travelling Pet'],2011,Geneva’s Ban on Dangerous Dog Breeds
['Travelling Pet'],2011,Geneva’s Ban on Dangerous Dog Breeds
['Travelling Pet'],2011,Geneva’s Ban on Dangerous Dog Breeds
['Travelling Pet'],2011,Geneva’s Ban on Dangerous Dog Breeds
['Travelling Pet'],2011,Geneva’s Ban on Dangerous Dog Breeds
['Travelling Pet'],2011,Geneva’s Ban on Dangerous Dog Breeds
['Travelling Pet'],2011,Geneva’s Ban on Dangerous Dog Breeds
['Travelling Pet'],2011,Geneva’s Ban on Dangerous Dog Breeds
['Travelling Pet'],2011,International Travel to Switzerland with Pets
['Travelling Pet'],2011,Geneva’s Ban on Dangerous Dog Breeds
['Travelling Pet'],2011,Geneva’s Ban on Dangerous Dog Breeds
['Travelling Pet'],2011,Geneva’s Ban on Dangerous Dog Breeds
['Travelling Pet'],2011,Geneva’s Ban on Dangerous Dog Breeds
['Travelling Pet'],2011,Geneva’s Ban on Dangerous Dog Breeds
['Travelling Pet'],2011,Geneva’s Ban on Dangerous Dog Breeds
['Travelling Pet'],2011,Geneva’s Ban on Dangerous Dog Breeds
['Travelling Pet'],2011,Geneva’s Ban on Dangerous Dog Breeds
['Travelling Pet'],2011,Geneva’s Ban on Dangerous Dog Breeds
['Travelling Pet'],2011,Geneva’s Ban on Dangerous Dog Breeds
['Travelling Pet'],2011,Geneva’s Ban on Dangerous Dog Breeds
['Travelling Pet'],2011,International Travel to Switzerland with Pets
['Travelling Pet'],2011,International Travel to Switzerland with Pets
['Travelling Pet'],2011,International Travel to Switzerland with Pets
['Travelling Pet'],2011,International Travel to Switzerland with Pets
['Travelling Pet'],2011,International Travel to Switzerland with Pets
['Travelling Pet'],2011,Geneva’s Ban on Dangerous Dog Breeds
['Travelling Pet'],2011,Geneva’s Ban on Dangerous Dog Breeds
['Travelling tutor.'],1747,"A letter from a travelling tutor, to a noble young lord"
['Travelling Roots'],2018,#truthchapters
['Travelling Pet'],2011,International Travel to Switzerland with Pets
['Travelling Pet'],2011,Geneva’s Ban on Dangerous Dog Breeds
['Travelling Pet'],2011,International Travel to Switzerland with Pets
['Travelling Pet'],2011,International Travel to Switzerland with Pets
['Travelling Geneva'],2011,International Movers Geneva
['Travelling Geneva'],2011,International Movers Geneva 1
['Tobias Smollett'],1766,Travels through France and Italy
['Charlotte Lamb'],1990,Dark music
['Slavomir Rawicz'],1956,The long walk
['Robert A. Heinlein'],1950,"Waldo and Magic, Inc"
['Amanda School'],2021,Sticker Album
['Sir Walter Scott'],1849,The Betrothed
['Harvard Student Agencies'],1986,Let's Go
['Planning Experts'],2015,Busy Traveler Travel Planners
['Jack Finney'],1970,Time and Again
['John Masefield'],1935,"The box of delights, or When the wolves were running"
"['Le Ly Hayslip', 'Jay Wurts']",1989,When heaven and earth changed places
['Tomie dePaola'],1988,The legend of the Indian paintbrush
"['Stephen Hawking', 'Lucy Hawking']",2020,Unlocking the Universe
['Nevil Shute'],1952,Far Country
"['Kerstin Gier', 'Anthea Bell', 'Luis Miralles de Imperial']",2010,Saphirblau
"['Anonymous', 'Oscar Wilde', 'Winston Leyland', 'Mint Editions', 'Alberto Cardín']",1893,Teleny
['Rose Macaulay'],1956,The Towers of Trebizond
['Jeremy Belknap'],1784,The history of New-Hampshire
['Enid Blyton'],1970,Five Go to Demon's Rocks
"['Mary Pope Osborne', 'Sal Murdocca']",2000,Revolutionary War on Wednesday
['Rudyard Kipling'],1900,From sea to sea and other sketches; Letters of travel
['George Kennan'],1870,Tent-life in Siberia and adventures among the Koraks and other tribes in Kamchatka and northern Asia
"['Kathleen Duey', 'Robert Gould']",2000,Rex 2
['Lynne Graham'],1995,Crime Of Passion
['Robert Louis Stevenson'],1883,The Silverado Squatters
['Daniel Defoe'],1724,Tour thro' the whole island of Great Britain
['Robert M. Sapolsky'],2001,A primate's memoir
['Tristan Gooley'],2015,The lost art of reading nature's signs
['Avi'],1988,Something Upstairs
['Simply Sudoku'],2019,Pocket Word Search
"['Richard Francis Burton', 'Isabel Lady Burton', 'Stanley Lane-Poole']",1893,Personal narrative of a pilgrimage to al-Madinah & Meccah
['Jeffrey Archer'],2012,The Sins of the Father
['Anne Lamott'],1999,Traveling Mercies Signed Editi
['James De Mille'],1870,Lost in the fog
['James Bruce'],1790,Travels to discover the source of the Nile
['Catherynne M. Valente'],2011,The Girl Who Circumnavigated Fairyland in a Ship of Her Own Making (Fairyland #1)
['Karen Marie Moning'],2004,The Immortal Highlander
"['Ernst Ludwig Kirchner', 'Wolfgang Henze', 'Jill Lloyd', 'Roland Scotti', 'Magdalena M. Moeller', 'Jobst Broelmann', 'Klaus Freymann', 'Andrew Robison', 'Norman Rosenthal', 'Eberhard Kornfeld', 'Kurt Wyss', 'Magdalena Moeller']",1960,Ernst Ludwig Kirchner
['Planning Experts'],2015,Busy Traveler Travel Planners
['Andy Andrews'],2002,The Traveler's Gift
['M. Scott Peck'],1991,Further along the road less traveled
['Katherine Applegate'],2001,The Mayflower Project
['Gerald Malcolm Durrell'],1960,A Zoo in My Luggage
['Jonathan Swift'],2020,Gulliver's Travels
['Robert J. Urick'],1967,Principles of underwater sound
['Charles Dickens'],1832,Works (The Uncommercial Traveller / Pictures from Italy)
['Janet Dailey'],1981,The Travelling Kind
['Henryk Sienkiewicz'],1912,W pustyni i w puszczy
['Mary Stewart'],1967,The Gabriel Hounds
"['Robert Louis Stevenson', 'Colvin, Sidney Sir']",1895,Vailima letters
['Alison Uttley'],1939,A Traveller in Time
['Mary Anne Barker'],1870,Station Life in New Zealand
['Phyllis A. Whitney'],1951,Mystery of the strange traveler
['Aron Ralston'],2004,Between a Rock and a Hard Place
['Guy Gavriel Kay'],1984,The summer tree
['Diana Wynne Jones'],1996,The tough guide to fantasyland
['Preston B. Nichols'],1992,The Montauk project
['Gary Paulsen'],1998,The Transall saga
['Audrey Niffenegger'],2003,Time Traveler's Wife
['Meg Cabot'],2008,The Mediator
['D. H. Lawrence'],1916,Twilight in Italy
['Christoph von Schmid'],1800,"The Basket of Flowers; or, Piety and Truth Triumphant"
"['Nancy Willard', 'Alice Provensen', 'Martin Provensen']",1981,A Visit to William Blake's Inn
['Patrick Leigh Fermor'],1958,Mani
"['Anthony Bourdain', 'Laurie Woolever']",2020,World Travel
['Herman Melville'],1855,Israel Potter
"[""Gabriele D'Annunzio""]",1896,Trionfo della morte
['Wilkie Collins'],1800,The Evil Genius. A Domestis Story
"['Mary Pope Osborne', 'Sal Murdocca', 'Marcela Brovelli']",1999,Tigers at Twilight
['Laurie Lee'],1969,As I walked out one midsummer morning
"['Jeff VanderMeer', 'Ann VanderMeer', 'Douglas Adams', 'Ray Bradbury', 'Isaac Asimov']",2013,The Time Traveller's Almanac
['Abraham Lincoln'],1883,The Gettysburg Address
['Candice Millard'],2005,The River of Doubt
['Jonathan Swift'],1745,Gulliver's Travels
"['Bruce Chatwin', 'Bruce Chatwin']",1987,The Songlines
['Justin A. Reynolds'],2019,Opposite of Always
['Greg Bear'],1988,Eternity
['Orson Scott Card'],2010,Pathfinder
"['Hilaire Belloc', 'Martin Hayes']",1900,The Path to Rome
['Bill Bryson'],2006,The Life and Times of the Thunderbolt Kid
['W. H. Auden'],1934,Poems
['Guillaume Laurent'],2012,Experienced Traveler
['Word Jumbles'],2019,Pocket Word Search
['Henri Cartier-Bresson'],1967,Henri Cartier-Bresson
['Jenny Randles'],2001,Time Storms
['United States. General Accounting Office'],1992,Department of Energy
"['Thomas Jefferson', 'Thomas Jefferson', 'Logan, James']",1784,Notes on the state of Virginia
['Stephen Crisp'],1700,A short history of a long travel from Babylon to Bethel
['William Makepeace Thackeray'],1853,Barry Lyndon
['Justin Richards'],2003,The Clockwise Man
['Jenny Nimmo'],2002,Charlie Bone and the time twister
"['Mary Pope Osborne', 'Sal Murdocca']",2000,Civil War on Sunday
"['James Agee', 'Walker Evans']",1941,Let us now praise famous men
['Terrell Croft'],1913,American electricians' handbook
['Travel World Publishers'],2018,Travel Journal
['Robert A. Heinlein'],1959,The Menace from Earth
['Alice Morse Earle'],1898,Home life in colonial days
['Notes By Hand'],2018,Notebook
"['L. Sprague De Camp', 'L. De Camp']",1941,Lest Darkness Fall
"['Prentice-Hall, inc.']",2002,Magruder's American government
['Jack London'],1911,The Cruise of the Snark
['Elisabetta Dami'],2010,Il segreto dei tre samurai
"['Wernher von Braun', 'Frederick I. Ordway III']",1966,History of rocketry & space travel
['Maria Hughes'],2018,Password Journal
['Theodor de Bry'],1590,America
"['Guthrie, William', 'John Knox', 'James Ferguson']",1770,"A new geographical, historical, and commercial grammar, and present state of the several kingdoms of the world .."
['Robert Louis Stevenson'],1879,Essays of travel
['Milan Kundera'],1994,La lenteur
['Osamu Dazai'],1985,Return to Tsugaru
"['Orson Scott Card', 'Aaron Johnston']",2012,Earth Unaware
['Maeve Binchy'],2004,Nights Of Rain And Stars (Larkin Family Chronicles)
['The Travelling Doc'],2016,Magical Morocco
['Ludwig Bemelmans'],1961,Madeline in London
['James A. Michener'],1968,Iberia
"['Adrian Frankovskiy', 'Emrik and Emrik and Binger', 'Jonathan Swift']",2017,Gulliver's Travels
